qty,type
300,coins
1,headstart
1,headstart
1,hoverboard
1,hoverboard
1,hoverboard
3,hoverboard
500,coins
2,hoverboard
1,scoreBooster
1500,coins
1,hoverboard
1,scoreBooster
300,coins
800,coins
1,hoverboard
1,hoverboard
800,coins
1,hoverboard
2,hoverboard
1,headstart
2,scoreBooster
1500,coins
300,coins
300,coins
2,hoverboard
1,scoreBooster
1,scoreBooster
300,coins
2,hoverboard
2,hoverboard
1,scoreBooster
3,hoverboard
2,hoverboard
2,hoverboard
1,scoreBooster
1,scoreBooster
3,hoverboard
300,coins
3,hoverboard
1,headstart
800,coins
500,coins
2,hoverboard
1,hoverboard
2,hoverboard
1,scoreBooster
2,hoverboard
2,hoverboard
1,headstart
1,scoreBooster
300,coins
2,hoverboard
1,hoverboard
1,hoverboard
1,hoverboard
1,scoreBooster
3,hoverboard
1,scoreBooster
1,hoverboard
500,coins
1,headstart
1,scoreBooster
300,coins
1,scoreBooster
1500,coins
1,headstart
1,hoverboard
300,coins
300,coins
2,hoverboard
1000,coins
1000,coins
800,coins
1,hoverboard
1,scoreBooster
2,hoverboard
3,hoverboard
1,scoreBooster
1,scoreBooster
3,hoverboard
1,hoverboard
1,key
1,headstart
300,coins
2,hoverboard
500,coins
2,hoverboard
1,hoverboard
1,hoverboard
2,hoverboard
500,coins
3,hoverboard
300,coins
1,hoverboard
1500,coins
1,hoverboard
300,coins
1,hoverboard
1,hoverboard
1,key
1,hoverboard
300,coins
1000,coins
1,hoverboard
1,headstart
3,hoverboard
2,hoverboard
2,hoverboard
1,headstart
3,hoverboard
1000,coins
2,hoverboard
2,hoverboard
1000,coins
2,hoverboard
500,coins
500,coins
1,scoreBooster
2,hoverboard
1,scoreBooster
3,hoverboard
1,scoreBooster
1,hoverboard
500,coins
2,hoverboard
3,hoverboard
1,hoverboard
1,headstart
300,coins
1,headstart
1000,coins
300,coins
2,hoverboard
300,coins
1500,coins
1,hoverboard
300,coins
2,hoverboard
1,headstart
1,hoverboard
500,coins
1,scoreBooster
1,hoverboard
300,coins
1,scoreBooster
1000,coins
1,hoverboard
2,hoverboard
2,hoverboard
1000,coins
800,coins
3,hoverboard
500,coins
3,hoverboard
1,scoreBooster
1000,coins
300,coins
3,hoverboard
3,hoverboard
2,hoverboard
1,hoverboard
1,hoverboard
300,coins
2,hoverboard
500,coins
3,hoverboard
500,coins
2,hoverboard
2,hoverboard
2,hoverboard
1,key
2,hoverboard
1,scoreBooster
3,hoverboard
2,hoverboard
3,hoverboard
300,coins
2,hoverboard
1,hoverboard
1,hoverboard
1,scoreBooster
1,hoverboard
1500,coins
1,hoverboard
3,hoverboard
1,scoreBooster
2,hoverboard
500,coins
3,hoverboard
3,hoverboard
300,coins
800,coins
1,scoreBooster
1,headstart
1,headstart
2,hoverboard
2,hoverboard
800,coins
1000,coins
300,coins
300,coins
2,hoverboard
2,hoverboard
1,headstart
2,hoverboard
1,hoverboard
1500,coins
1,headstart
300,coins
1,hoverboard
3,hoverboard
1,hoverboard
1,key
1,hoverboard
1,hoverboard
1,headstart
3,hoverboard
2,hoverboard
1,scoreBooster
3,hoverboard
300,coins
